barcode	truth
DEMOEMPTY0001-1	empty
DEMOEMPTY0002-1	empty
DEMOEMPTY0003-1	empty
DEMOEMPTY0004-1	empty
DEMOEMPTY0005-1	empty
DEMOEMPTY0006-1	empty
DEMOEMPTY0007-1	empty
DEMOEMPTY0008-1	empty
DEMOEMPTY0009-1	empty
DEMOEMPTY0010-1	empty
DEMOEMPTY0011-1	empty
DEMOEMPTY0012-1	empty
DEMOEMPTY0013-1	empty
DEMOEMPTY0014-1	empty
DEMOEMPTY0015-1	empty
DEMOEMPTY0016-1	empty
DEMOEMPTY0017-1	empty
DEMOEMPTY0018-1	empty
DEMOEMPTY0019-1	empty
DEMOEMPTY0020-1	empty
DEMOEMPTY0021-1	empty
DEMOEMPTY0022-1	empty
DEMOEMPTY0023-1	empty
DEMOEMPTY0024-1	empty
DEMOEMPTY0025-1	empty
DEMOEMPTY0026-1	empty
DEMOEMPTY0027-1	empty
DEMOEMPTY0028-1	empty
DEMOEMPTY0029-1	empty
DEMOEMPTY0030-1	empty
DEMOEMPTY0031-1	empty
DEMOEMPTY0032-1	empty
DEMOEMPTY0033-1	empty
DEMOEMPTY0034-1	empty
DEMOEMPTY0035-1	empty
DEMOEMPTY0036-1	empty
DEMOEMPTY0037-1	empty
DEMOEMPTY0038-1	empty
DEMOEMPTY0039-1	empty
DEMOEMPTY0040-1	empty
DEMOEMPTY0041-1	empty
DEMOEMPTY0042-1	empty
DEMOEMPTY0043-1	empty
DEMOEMPTY0044-1	empty
DEMOEMPTY0045-1	empty
DEMOEMPTY0046-1	empty
DEMOEMPTY0047-1	empty
DEMOEMPTY0048-1	empty
DEMOEMPTY0049-1	empty
DEMOEMPTY0050-1	empty
DEMOEMPTY0051-1	empty
DEMOEMPTY0052-1	empty
DEMOEMPTY0053-1	empty
DEMOEMPTY0054-1	empty
DEMOEMPTY0055-1	empty
DEMOEMPTY0056-1	empty
DEMOEMPTY0057-1	empty
DEMOEMPTY0058-1	empty
DEMOEMPTY0059-1	empty
DEMOEMPTY0060-1	empty
DEMOEMPTY0061-1	empty
DEMOEMPTY0062-1	empty
DEMOEMPTY0063-1	empty
DEMOEMPTY0064-1	empty
DEMOEMPTY0065-1	empty
DEMOEMPTY0066-1	empty
DEMOEMPTY0067-1	empty
DEMOEMPTY0068-1	empty
DEMOEMPTY0069-1	empty
DEMOEMPTY0070-1	empty
DEMOEMPTY0071-1	empty
DEMOEMPTY0072-1	empty
DEMOEMPTY0073-1	empty
DEMOEMPTY0074-1	empty
DEMOEMPTY0075-1	empty
DEMOEMPTY0076-1	empty
DEMOEMPTY0077-1	empty
DEMOEMPTY0078-1	empty
DEMOEMPTY0079-1	empty
DEMOEMPTY0080-1	empty
DEMOEMPTY0081-1	empty
DEMOEMPTY0082-1	empty
DEMOEMPTY0083-1	empty
DEMOEMPTY0084-1	empty
DEMOEMPTY0085-1	empty
DEMOEMPTY0086-1	empty
DEMOEMPTY0087-1	empty
DEMOEMPTY0088-1	empty
DEMOEMPTY0089-1	empty
DEMOEMPTY0090-1	empty
DEMOEMPTY0091-1	empty
DEMOEMPTY0092-1	empty
DEMOEMPTY0093-1	empty
DEMOEMPTY0094-1	empty
DEMOEMPTY0095-1	empty
DEMOEMPTY0096-1	empty
DEMOEMPTY0097-1	empty
DEMOEMPTY0098-1	empty
DEMOEMPTY0099-1	empty
DEMOEMPTY0100-1	empty
DEMOEMPTY0101-1	empty
DEMOEMPTY0102-1	empty
DEMOEMPTY0103-1	empty
DEMOEMPTY0104-1	empty
DEMOEMPTY0105-1	empty
DEMOEMPTY0106-1	empty
DEMOEMPTY0107-1	empty
DEMOEMPTY0108-1	empty
DEMOEMPTY0109-1	empty
DEMOEMPTY0110-1	empty
DEMOEMPTY0111-1	empty
DEMOEMPTY0112-1	empty
DEMOEMPTY0113-1	empty
DEMOEMPTY0114-1	empty
DEMOEMPTY0115-1	empty
DEMOEMPTY0116-1	empty
DEMOEMPTY0117-1	empty
DEMOEMPTY0118-1	empty
DEMOEMPTY0119-1	empty
DEMOEMPTY0120-1	empty
DEMOEMPTY0121-1	empty
DEMOEMPTY0122-1	empty
DEMOEMPTY0123-1	empty
DEMOEMPTY0124-1	empty
DEMOEMPTY0125-1	empty
DEMOEMPTY0126-1	empty
DEMOEMPTY0127-1	empty
DEMOEMPTY0128-1	empty
DEMOEMPTY0129-1	empty
DEMOEMPTY0130-1	empty
DEMOEMPTY0131-1	empty
DEMOEMPTY0132-1	empty
DEMOEMPTY0133-1	empty
DEMOEMPTY0134-1	empty
DEMOEMPTY0135-1	empty
DEMOEMPTY0136-1	empty
DEMOEMPTY0137-1	empty
DEMOEMPTY0138-1	empty
DEMOEMPTY0139-1	empty
DEMOEMPTY0140-1	empty
DEMOEMPTY0141-1	empty
DEMOEMPTY0142-1	empty
DEMOEMPTY0143-1	empty
DEMOEMPTY0144-1	empty
DEMOEMPTY0145-1	empty
DEMOEMPTY0146-1	empty
DEMOEMPTY0147-1	empty
DEMOEMPTY0148-1	empty
DEMOEMPTY0149-1	empty
DEMOEMPTY0150-1	empty
DEMOEMPTY0151-1	empty
DEMOEMPTY0152-1	empty
DEMOEMPTY0153-1	empty
DEMOEMPTY0154-1	empty
DEMOEMPTY0155-1	empty
DEMOEMPTY0156-1	empty
DEMOEMPTY0157-1	empty
DEMOEMPTY0158-1	empty
DEMOEMPTY0159-1	empty
DEMOEMPTY0160-1	empty
DEMOEMPTY0161-1	empty
DEMOEMPTY0162-1	empty
DEMOEMPTY0163-1	empty
DEMOEMPTY0164-1	empty
DEMOEMPTY0165-1	empty
DEMOEMPTY0166-1	empty
DEMOEMPTY0167-1	empty
DEMOEMPTY0168-1	empty
DEMOEMPTY0169-1	empty
DEMOEMPTY0170-1	empty
DEMOEMPTY0171-1	empty
DEMOEMPTY0172-1	empty
DEMOEMPTY0173-1	empty
DEMOEMPTY0174-1	empty
DEMOEMPTY0175-1	empty
DEMOEMPTY0176-1	empty
DEMOEMPTY0177-1	empty
DEMOEMPTY0178-1	empty
DEMOEMPTY0179-1	empty
DEMOEMPTY0180-1	empty
DEMOEMPTY0181-1	empty
DEMOEMPTY0182-1	empty
DEMOEMPTY0183-1	empty
DEMOEMPTY0184-1	empty
DEMOEMPTY0185-1	empty
DEMOEMPTY0186-1	empty
DEMOEMPTY0187-1	empty
DEMOEMPTY0188-1	empty
DEMOEMPTY0189-1	empty
DEMOEMPTY0190-1	empty
DEMOEMPTY0191-1	empty
DEMOEMPTY0192-1	empty
DEMOEMPTY0193-1	empty
DEMOEMPTY0194-1	empty
DEMOEMPTY0195-1	empty
DEMOEMPTY0196-1	empty
DEMOEMPTY0197-1	empty
DEMOEMPTY0198-1	empty
DEMOEMPTY0199-1	empty
DEMOEMPTY0200-1	empty
DEMOEMPTY0201-1	empty
DEMOEMPTY0202-1	empty
DEMOEMPTY0203-1	empty
DEMOEMPTY0204-1	empty
DEMOEMPTY0205-1	empty
DEMOEMPTY0206-1	empty
DEMOEMPTY0207-1	empty
DEMOEMPTY0208-1	empty
DEMOEMPTY0209-1	empty
DEMOEMPTY0210-1	empty
DEMOEMPTY0211-1	empty
DEMOEMPTY0212-1	empty
DEMOEMPTY0213-1	empty
DEMOEMPTY0214-1	empty
DEMOEMPTY0215-1	empty
DEMOEMPTY0216-1	empty
DEMOEMPTY0217-1	empty
DEMOEMPTY0218-1	empty
DEMOEMPTY0219-1	empty
DEMOEMPTY0220-1	empty
DEMOEMPTY0221-1	empty
DEMOEMPTY0222-1	empty
DEMOEMPTY0223-1	empty
DEMOEMPTY0224-1	empty
DEMOEMPTY0225-1	empty
DEMOEMPTY0226-1	empty
DEMOEMPTY0227-1	empty
DEMOEMPTY0228-1	empty
DEMOEMPTY0229-1	empty
DEMOEMPTY0230-1	empty
DEMOEMPTY0231-1	empty
DEMOEMPTY0232-1	empty
DEMOEMPTY0233-1	empty
DEMOEMPTY0234-1	empty
DEMOEMPTY0235-1	empty
DEMOEMPTY0236-1	empty
DEMOEMPTY0237-1	empty
DEMOEMPTY0238-1	empty
DEMOEMPTY0239-1	empty
DEMOEMPTY0240-1	empty
DEMOEMPTY0241-1	empty
DEMOEMPTY0242-1	empty
DEMOEMPTY0243-1	empty
DEMOEMPTY0244-1	empty
DEMOEMPTY0245-1	empty
DEMOEMPTY0246-1	empty
DEMOEMPTY0247-1	empty
DEMOEMPTY0248-1	empty
DEMOEMPTY0249-1	empty
DEMOEMPTY0250-1	empty
DEMOEMPTY0251-1	empty
DEMOEMPTY0252-1	empty
DEMOEMPTY0253-1	empty
DEMOEMPTY0254-1	empty
DEMOEMPTY0255-1	empty
DEMOEMPTY0256-1	empty
DEMOEMPTY0257-1	empty
DEMOEMPTY0258-1	empty
DEMOEMPTY0259-1	empty
DEMOEMPTY0260-1	empty
DEMOEMPTY0261-1	empty
DEMOEMPTY0262-1	empty
DEMOEMPTY0263-1	empty
DEMOEMPTY0264-1	empty
DEMOEMPTY0265-1	empty
DEMOEMPTY0266-1	empty
DEMOEMPTY0267-1	empty
DEMOEMPTY0268-1	empty
DEMOEMPTY0269-1	empty
DEMOEMPTY0270-1	empty
DEMOEMPTY0271-1	empty
DEMOEMPTY0272-1	empty
DEMOEMPTY0273-1	empty
DEMOEMPTY0274-1	empty
DEMOEMPTY0275-1	empty
DEMOEMPTY0276-1	empty
DEMOEMPTY0277-1	empty
DEMOEMPTY0278-1	empty
DEMOEMPTY0279-1	empty
DEMOEMPTY0280-1	empty
DEMOEMPTY0281-1	empty
DEMOEMPTY0282-1	empty
DEMOEMPTY0283-1	empty
DEMOEMPTY0284-1	empty
DEMOEMPTY0285-1	empty
DEMOEMPTY0286-1	empty
DEMOEMPTY0287-1	empty
DEMOEMPTY0288-1	empty
DEMOEMPTY0289-1	empty
DEMOEMPTY0290-1	empty
DEMOEMPTY0291-1	empty
DEMOEMPTY0292-1	empty
DEMOEMPTY0293-1	empty
DEMOEMPTY0294-1	empty
DEMOEMPTY0295-1	empty
DEMOEMPTY0296-1	empty
DEMOEMPTY0297-1	empty
DEMOEMPTY0298-1	empty
DEMOEMPTY0299-1	empty
DEMOEMPTY0300-1	empty
DEMOCELLA0001-1	singlet
DEMOCELLA0002-1	singlet
DEMOCELLA0003-1	singlet
DEMOCELLA0004-1	singlet
DEMOCELLA0005-1	singlet
DEMOCELLA0006-1	singlet
DEMOCELLA0007-1	singlet
DEMOCELLA0008-1	singlet
DEMOCELLA0009-1	singlet
DEMOCELLA0010-1	singlet
DEMOCELLA0011-1	singlet
DEMOCELLA0012-1	singlet
DEMOCELLA0013-1	singlet
DEMOCELLA0014-1	singlet
DEMOCELLA0015-1	singlet
DEMOCELLA0016-1	singlet
DEMOCELLA0017-1	singlet
DEMOCELLA0018-1	singlet
DEMOCELLA0019-1	singlet
DEMOCELLA0020-1	singlet
DEMOCELLA0021-1	singlet
DEMOCELLA0022-1	singlet
DEMOCELLA0023-1	singlet
DEMOCELLA0024-1	singlet
DEMOCELLA0025-1	singlet
DEMOCELLA0026-1	singlet
DEMOCELLA0027-1	singlet
DEMOCELLA0028-1	singlet
DEMOCELLA0029-1	singlet
DEMOCELLA0030-1	singlet
DEMOCELLA0031-1	singlet
DEMOCELLA0032-1	singlet
DEMOCELLA0033-1	singlet
DEMOCELLA0034-1	singlet
DEMOCELLA0035-1	singlet
DEMOCELLA0036-1	singlet
DEMOCELLA0037-1	singlet
DEMOCELLA0038-1	singlet
DEMOCELLA0039-1	singlet
DEMOCELLA0040-1	singlet
DEMOCELLA0041-1	singlet
DEMOCELLA0042-1	singlet
DEMOCELLA0043-1	singlet
DEMOCELLA0044-1	singlet
DEMOCELLA0045-1	singlet
DEMOCELLA0046-1	singlet
DEMOCELLA0047-1	singlet
DEMOCELLA0048-1	singlet
DEMOCELLA0049-1	singlet
DEMOCELLA0050-1	singlet
DEMOCELLA0051-1	singlet
DEMOCELLA0052-1	singlet
DEMOCELLA0053-1	singlet
DEMOCELLA0054-1	singlet
DEMOCELLA0055-1	singlet
DEMOCELLA0056-1	singlet
DEMOCELLA0057-1	singlet
DEMOCELLA0058-1	singlet
DEMOCELLA0059-1	singlet
DEMOCELLA0060-1	singlet
DEMOCELLA0061-1	singlet
DEMOCELLA0062-1	singlet
DEMOCELLA0063-1	singlet
DEMOCELLA0064-1	singlet
DEMOCELLA0065-1	singlet
DEMOCELLA0066-1	singlet
DEMOCELLA0067-1	singlet
DEMOCELLA0068-1	singlet
DEMOCELLA0069-1	singlet
DEMOCELLA0070-1	singlet
DEMOCELLA0071-1	singlet
DEMOCELLA0072-1	singlet
DEMOCELLA0073-1	singlet
DEMOCELLA0074-1	singlet
DEMOCELLA0075-1	singlet
DEMOCELLA0076-1	singlet
DEMOCELLA0077-1	singlet
DEMOCELLA0078-1	singlet
DEMOCELLA0079-1	singlet
DEMOCELLA0080-1	singlet
DEMOCELLB0001-1	singlet
DEMOCELLB0002-1	singlet
DEMOCELLB0003-1	singlet
DEMOCELLB0004-1	singlet
DEMOCELLB0005-1	singlet
DEMOCELLB0006-1	singlet
DEMOCELLB0007-1	singlet
DEMOCELLB0008-1	singlet
DEMOCELLB0009-1	singlet
DEMOCELLB0010-1	singlet
DEMOCELLB0011-1	singlet
DEMOCELLB0012-1	singlet
DEMOCELLB0013-1	singlet
DEMOCELLB0014-1	singlet
DEMOCELLB0015-1	singlet
DEMOCELLB0016-1	singlet
DEMOCELLB0017-1	singlet
DEMOCELLB0018-1	singlet
DEMOCELLB0019-1	singlet
DEMOCELLB0020-1	singlet
DEMOCELLB0021-1	singlet
DEMOCELLB0022-1	singlet
DEMOCELLB0023-1	singlet
DEMOCELLB0024-1	singlet
DEMOCELLB0025-1	singlet
DEMOCELLB0026-1	singlet
DEMOCELLB0027-1	singlet
DEMOCELLB0028-1	singlet
DEMOCELLB0029-1	singlet
DEMOCELLB0030-1	singlet
DEMOCELLB0031-1	singlet
DEMOCELLB0032-1	singlet
DEMOCELLB0033-1	singlet
DEMOCELLB0034-1	singlet
DEMOCELLB0035-1	singlet
DEMOCELLB0036-1	singlet
DEMOCELLB0037-1	singlet
DEMOCELLB0038-1	singlet
DEMOCELLB0039-1	singlet
DEMOCELLB0040-1	singlet
DEMOCELLB0041-1	singlet
DEMOCELLB0042-1	singlet
DEMOCELLB0043-1	singlet
DEMOCELLB0044-1	singlet
DEMOCELLB0045-1	singlet
DEMOCELLB0046-1	singlet
DEMOCELLB0047-1	singlet
DEMOCELLB0048-1	singlet
DEMOCELLB0049-1	singlet
DEMOCELLB0050-1	singlet
DEMOCELLB0051-1	singlet
DEMOCELLB0052-1	singlet
DEMOCELLB0053-1	singlet
DEMOCELLB0054-1	singlet
DEMOCELLB0055-1	singlet
DEMOCELLB0056-1	singlet
DEMOCELLB0057-1	singlet
DEMOCELLB0058-1	singlet
DEMOCELLB0059-1	singlet
DEMOCELLB0060-1	singlet
DEMOCELLB0061-1	singlet
DEMOCELLB0062-1	singlet
DEMOCELLB0063-1	singlet
DEMOCELLB0064-1	singlet
DEMOCELLB0065-1	singlet
DEMOCELLB0066-1	singlet
DEMOCELLB0067-1	singlet
DEMOCELLB0068-1	singlet
DEMOCELLB0069-1	singlet
DEMOCELLB0070-1	singlet
DEMOCELLB0071-1	singlet
DEMOCELLB0072-1	singlet
DEMOCELLB0073-1	singlet
DEMOCELLB0074-1	singlet
DEMOCELLB0075-1	singlet
DEMOCELLB0076-1	singlet
DEMOCELLB0077-1	singlet
DEMOCELLB0078-1	singlet
DEMOCELLB0079-1	singlet
DEMOCELLB0080-1	singlet
DEMOdoublet0001-1	doublet
DEMOdoublet0002-1	doublet
DEMOdoublet0003-1	doublet
DEMOdoublet0004-1	doublet
DEMOdoublet0005-1	doublet
DEMOdoublet0006-1	doublet
DEMOdoublet0007-1	doublet
DEMOdoublet0008-1	doublet
DEMOdoublet0009-1	doublet
DEMOdoublet0010-1	doublet
DEMOdoublet0011-1	doublet
DEMOdoublet0012-1	doublet
DEMOdoublet0013-1	doublet
DEMOdoublet0014-1	doublet
DEMOdoublet0015-1	doublet
DEMOdoublet0016-1	doublet
DEMOdoublet0017-1	doublet
DEMOdoublet0018-1	doublet
DEMOdoublet0019-1	doublet
DEMOdoublet0020-1	doublet
DEMOdoublet0021-1	doublet
DEMOdoublet0022-1	doublet
DEMOdoublet0023-1	doublet
DEMOdoublet0024-1	doublet
DEMOdoublet0025-1	doublet
DEMOdoublet0026-1	doublet
DEMOdoublet0027-1	doublet
DEMOdoublet0028-1	doublet
DEMOdoublet0029-1	doublet
DEMOdoublet0030-1	doublet
DEMOdoublet0031-1	doublet
DEMOdoublet0032-1	doublet
DEMOdoublet0033-1	doublet
DEMOdoublet0034-1	doublet
DEMOdoublet0035-1	doublet
DEMOdoublet0036-1	doublet
DEMOdoublet0037-1	doublet
DEMOdoublet0038-1	doublet
DEMOdoublet0039-1	doublet
DEMOdoublet0040-1	doublet
